id;nom;prenom;email
1;e-business Tasty Fantastic Metal Pizza;Rustic Wooden Keyboard Health;Leland.Carter97@yahoo.com
2;Vision-oriented Sausages;Refined Granite Towels Viaduct Ergonomic Fresh Bike;Mario_Toy26@yahoo.com
3;program Michigan;deposit optical;Cortney79@yahoo.com
4;partnerships Fresh;Avon Maryland Saudi Riyal;Cydney70@gmail.com
5;panel;models;Hellen60@gmail.com
6;Sports;redundant zero administration Supervisor;Casandra97@hotmail.com
7;quantify global Toys;Islands Belize;Mariam61@hotmail.com
8;systemic Future archive;Beauty Passage parsing;Brenna_Hoppe@yahoo.com
9;strategize Operations backing up;Checking Account;Fritz34@hotmail.com
10;Personal Loan Account New Taiwan Dollar e-business;Gloves;Jarret_McLaughlin@hotmail.com
